John Doe,13245678G,-3600000,Calle Falsa 23,987654321,false
Jane Doe,12345678-A,318294000000,Calle Inc√≥gnita 32,912345678,false
Testing Name,12398678Z,318207600000,Camino Perdido S/N,487986125,false
Testing Testing,98765432F,1523224800000,Carretera Perdida 83,654896532,false
ASD,13245678G,1543100400000,asd,132546978,false
ASD,13254697Q,1543100400000,qdw543,546132546,false
Dummy,15978654A,1543618800000,Dummyland,987658948,false
Aas,12345678A,1544223600000,asd,132456978,true
Casimiro Gonzalez,12345678A,1543705200000,Calle del Arroyo,745851347,true
QQQ,13245678A,1544223600000,ASD,123132132,false
